[
  {
    "model": "admin.logentry",
    "pk": 1,
    "fields": {
      "action_time": "2023-01-05T20:19:17.858Z",
      "user": 1,
      "content_type": 7,
      "object_id": "1",
      "object_repr": "Product object (1)",
      "action_flag": 1,
      "change_message": "[{\"added\": {}}]"
    }
  },
  {
    "model": "admin.logentry",
    "pk": 2,
    "fields": {
      "action_time": "2023-01-05T21:23:31.286Z",
      "user": 1,
      "content_type": 7,
      "object_id": "1",
      "object_repr": "Airpods Wireless Bluetooth Headphones",
      "action_flag": 2,
      "change_message": "[{\"changed\": {\"fields\": [\"Image\"]}}]"
    }
  },
  {
    "model": "admin.logentry",
    "pk": 3,
    "fields": {
      "action_time": "2023-01-05T21:41:38.589Z",
      "user": 1,
      "content_type": 7,
      "object_id": "1",
      "object_repr": "Airpods Wireless Bluetooth Headphones",
      "action_flag": 2,
      "change_message": "[{\"changed\": {\"fields\": [\"Image\"]}}]"
    }
  },
  {
    "model": "admin.logentry",
    "pk": 4,
    "fields": {
      "action_time": "2023-01-05T22:03:00.430Z",
      "user": 1,
      "content_type": 7,
      "object_id": "2",
      "object_repr": "Sony Playstation 4 Pro White Version",
      "action_flag": 1,
      "change_message": "[{\"added\": {}}]"
    }
  },
  {
    "model": "admin.logentry",
    "pk": 5,
    "fields": {
      "action_time": "2023-01-06T11:14:22.677Z",
      "user": 1,
      "content_type": 7,
      "object_id": "2",
      "object_repr": "Sony Playstation 4 Pro White Version",
      "action_flag": 3,
      "change_message": ""
    }
  },
  {
    "model": "admin.logentry",
    "pk": 6,
    "fields": {
      "action_time": "2023-01-06T11:14:26.797Z",
      "user": 1,
      "content_type": 7,
      "object_id": "1",
      "object_repr": "Airpods Wireless Bluetooth Headphones",
      "action_flag": 3,
      "change_message": ""
    }
  },
  {
    "model": "admin.logentry",
    "pk": 7,
    "fields": {
      "action_time": "2023-01-06T11:48:59.539Z",
      "user": 1,
      "content_type": 7,
      "object_id": "3",
      "object_repr": "Airpods Wireless Bluetooth Headphones",
      "action_flag": 1,
      "change_message": "[{\"added\": {}}]"
    }
  },
  {
    "model": "admin.logentry",
    "pk": 8,
    "fields": {
      "action_time": "2023-01-06T12:00:41.131Z",
      "user": 1,
      "content_type": 7,
      "object_id": "4",
      "object_repr": "Airpods Wireless Bluetooth Headphones",
      "action_flag": 2,
      "change_message": "[{\"changed\": {\"fields\": [\"User\"]}}]"
    }
  },
  {
    "model": "admin.logentry",
    "pk": 9,
    "fields": {
      "action_time": "2023-01-06T12:00:53.780Z",
      "user": 1,
      "content_type": 7,
      "object_id": "5",
      "object_repr": "iPhone 11 Pro 256GB Memory",
      "action_flag": 2,
      "change_message": "[{\"changed\": {\"fields\": [\"User\", \"Image\"]}}]"
    }
  },
  {
    "model": "admin.logentry",
    "pk": 10,
    "fields": {
      "action_time": "2023-01-06T12:01:04.747Z",
      "user": 1,
      "content_type": 7,
      "object_id": "6",
      "object_repr": "Cannon EOS 80D DSLR Camera",
      "action_flag": 2,
      "change_message": "[{\"changed\": {\"fields\": [\"User\", \"Image\"]}}]"
    }
  },
  {
    "model": "admin.logentry",
    "pk": 11,
    "fields": {
      "action_time": "2023-01-06T12:01:13.108Z",
      "user": 1,
      "content_type": 7,
      "object_id": "7",
      "object_repr": "Sony Playstation 4 Pro White Version",
      "action_flag": 2,
      "change_message": "[{\"changed\": {\"fields\": [\"User\", \"Image\"]}}]"
    }
  },
  {
    "model": "admin.logentry",
    "pk": 12,
    "fields": {
      "action_time": "2023-01-06T12:01:22.456Z",
      "user": 1,
      "content_type": 7,
      "object_id": "8",
      "object_repr": "Logitech G-Series Gaming Mouse",
      "action_flag": 2,
      "change_message": "[{\"changed\": {\"fields\": [\"User\", \"Image\"]}}]"
    }
  },
  {
    "model": "admin.logentry",
    "pk": 13,
    "fields": {
      "action_time": "2023-01-06T12:01:33.839Z",
      "user": 1,
      "content_type": 7,
      "object_id": "9",
      "object_repr": "Amazon Echo Dot 3rd Generation",
      "action_flag": 2,
      "change_message": "[{\"changed\": {\"fields\": [\"User\", \"Image\"]}}]"
    }
  },
  {
    "model": "admin.logentry",
    "pk": 14,
    "fields": {
      "action_time": "2023-01-06T12:01:56.365Z",
      "user": 1,
      "content_type": 7,
      "object_id": "4",
      "object_repr": "Airpods Wireless Bluetooth Headphones",
      "action_flag": 2,
      "change_message": "[{\"changed\": {\"fields\": [\"Image\"]}}]"
    }
  },
  {
    "model": "admin.logentry",
    "pk": 15,
    "fields": {
      "action_time": "2023-01-20T13:45:20.687Z",
      "user": 1,
      "content_type": 4,
      "object_id": "1",
      "object_repr": "olawaleolajide8.to@gmail.com",
      "action_flag": 2,
      "change_message": "[{\"changed\": {\"fields\": [\"Username\", \"First name\", \"Last name\", \"Email address\"]}}]"
    }
  },
  {
    "model": "admin.logentry",
    "pk": 16,
    "fields": {
      "action_time": "2023-01-20T14:00:31.787Z",
      "user": 1,
      "content_type": 4,
      "object_id": "1",
      "object_repr": "olawaleolajide8.to@gmail.com",
      "action_flag": 2,
      "change_message": "[{\"changed\": {\"fields\": [\"password\"]}}]"
    }
  },
  {
    "model": "admin.logentry",
    "pk": 17,
    "fields": {
      "action_time": "2023-01-23T11:33:03.385Z",
      "user": 1,
      "content_type": 4,
      "object_id": "2",
      "object_repr": "test",
      "action_flag": 1,
      "change_message": "[{\"added\": {}}]"
    }
  },
  {
    "model": "admin.logentry",
    "pk": 18,
    "fields": {
      "action_time": "2023-01-24T07:47:42.179Z",
      "user": 1,
      "content_type": 4,
      "object_id": "3",
      "object_repr": "postman@email.com",
      "action_flag": 2,
      "change_message": "[]"
    }
  },
  {
    "model": "admin.logentry",
    "pk": 19,
    "fields": {
      "action_time": "2023-01-24T07:49:48.187Z",
      "user": 1,
      "content_type": 4,
      "object_id": "2",
      "object_repr": "trial@gmail.com",
      "action_flag": 2,
      "change_message": "[{\"changed\": {\"fields\": [\"Email address\"]}}]"
    }
  },
  {
    "model": "admin.logentry",
    "pk": 20,
    "fields": {
      "action_time": "2023-02-10T13:09:26.113Z",
      "user": 9,
      "content_type": 8,
      "object_id": "15",
      "object_repr": "2023-02-10 11:32:47.188585+00:00",
      "action_flag": 2,
      "change_message": "[{\"changed\": {\"fields\": [\"IsPaid\"]}}]"
    }
  },
  {
    "model": "admin.logentry",
    "pk": 21,
    "fields": {
      "action_time": "2023-02-10T13:09:41.276Z",
      "user": 9,
      "content_type": 8,
      "object_id": "14",
      "object_repr": "2023-02-10 11:08:24.645355+00:00",
      "action_flag": 2,
      "change_message": "[{\"changed\": {\"fields\": [\"IsPaid\"]}}]"
    }
  },
  {
    "model": "admin.logentry",
    "pk": 22,
    "fields": {
      "action_time": "2023-02-10T13:09:55.830Z",
      "user": 9,
      "content_type": 8,
      "object_id": "14",
      "object_repr": "2023-02-10 11:08:24.645355+00:00",
      "action_flag": 2,
      "change_message": "[{\"changed\": {\"fields\": [\"DeliveredAt\"]}}]"
    }
  },
  {
    "model": "admin.logentry",
    "pk": 23,
    "fields": {
      "action_time": "2023-02-10T13:10:23.738Z",
      "user": 9,
      "content_type": 8,
      "object_id": "14",
      "object_repr": "2023-02-10 11:08:24.645355+00:00",
      "action_flag": 2,
      "change_message": "[{\"changed\": {\"fields\": [\"PaidAt\", \"DeliveredAt\"]}}]"
    }
  },
  {
    "model": "admin.logentry",
    "pk": 24,
    "fields": {
      "action_time": "2023-02-11T13:22:03.164Z",
      "user": 9,
      "content_type": 8,
      "object_id": "15",
      "object_repr": "2023-02-10 11:32:47.188585+00:00",
      "action_flag": 2,
      "change_message": "[{\"changed\": {\"fields\": [\"IsDelivered\", \"DeliveredAt\"]}}]"
    }
  },
  {
    "model": "admin.logentry",
    "pk": 25,
    "fields": {
      "action_time": "2023-02-11T13:22:34.940Z",
      "user": 9,
      "content_type": 8,
      "object_id": "14",
      "object_repr": "2023-02-10 11:08:24.645355+00:00",
      "action_flag": 2,
      "change_message": "[{\"changed\": {\"fields\": [\"IsDelivered\", \"DeliveredAt\"]}}]"
    }
  },
  {
    "model": "admin.logentry",
    "pk": 26,
    "fields": {
      "action_time": "2023-08-21T15:40:52.003Z",
      "user": 11,
      "content_type": 4,
      "object_id": "10",
      "object_repr": "Olawaleolajide8.to@gmail.com",
      "action_flag": 2,
      "change_message": "[{\"changed\": {\"fields\": [\"Staff status\"]}}]"
    }
  },
  {
    "model": "admin.logentry",
    "pk": 27,
    "fields": {
      "action_time": "2023-08-23T05:03:58.698Z",
      "user": 11,
      "content_type": 7,
      "object_id": "10",
      "object_repr": "test product",
      "action_flag": 1,
      "change_message": "[{\"added\": {}}]"
    }
  },
  {
    "model": "admin.logentry",
    "pk": 28,
    "fields": {
      "action_time": "2023-08-23T05:04:14.558Z",
      "user": 11,
      "content_type": 7,
      "object_id": "10",
      "object_repr": "test product",
      "action_flag": 2,
      "change_message": "[{\"changed\": {\"fields\": [\"Rating\", \"NumReviews\", \"Price\", \"CountInStock\"]}}]"
    }
  },
  {
    "model": "admin.logentry",
    "pk": 29,
    "fields": {
      "action_time": "2023-08-23T05:07:17.942Z",
      "user": 11,
      "content_type": 7,
      "object_id": "11",
      "object_repr": "rrr",
      "action_flag": 1,
      "change_message": "[{\"added\": {}}]"
    }
  },
  {
    "model": "admin.logentry",
    "pk": 30,
    "fields": {
      "action_time": "2023-08-23T05:56:31.333Z",
      "user": 11,
      "content_type": 7,
      "object_id": "12",
      "object_repr": "adqwdas",
      "action_flag": 1,
      "change_message": "[{\"added\": {}}]"
    }
  },
  {
    "model": "admin.logentry",
    "pk": 31,
    "fields": {
      "action_time": "2023-08-23T17:04:14.508Z",
      "user": 11,
      "content_type": 7,
      "object_id": "4",
      "object_repr": "Airpods Wireless Bluetooth Headphones",
      "action_flag": 2,
      "change_message": "[{\"changed\": {\"fields\": [\"Name\", \"Brand\", \"Category\", \"Description\", \"Price\", \"CountInStock\"]}}]"
    }
  },
  {
    "model": "admin.logentry",
    "pk": 32,
    "fields": {
      "action_time": "2023-08-23T17:18:26.686Z",
      "user": 11,
      "content_type": 7,
      "object_id": "4",
      "object_repr": "Airpods Wireless Bluetooth Headphones {updated}",
      "action_flag": 2,
      "change_message": "[{\"changed\": {\"fields\": [\"Description\"]}}]"
    }
  },
  {
    "model": "auth.permission",
    "pk": 1,
    "fields": {
      "name": "Can add log entry",
      "content_type": 1,
      "codename": "add_logentry"
    }
  },
  {
    "model": "auth.permission",
    "pk": 2,
    "fields": {
      "name": "Can change log entry",
      "content_type": 1,
      "codename": "change_logentry"
    }
  },
  {
    "model": "auth.permission",
    "pk": 3,
    "fields": {
      "name": "Can delete log entry",
      "content_type": 1,
      "codename": "delete_logentry"
    }
  },
  {
    "model": "auth.permission",
    "pk": 4,
    "fields": {
      "name": "Can view log entry",
      "content_type": 1,
      "codename": "view_logentry"
    }
  },
  {
    "model": "auth.permission",
    "pk": 5,
    "fields": {
      "name": "Can add permission",
      "content_type": 2,
      "codename": "add_permission"
    }
  },
  {
    "model": "auth.permission",
    "pk": 6,
    "fields": {
      "name": "Can change permission",
      "content_type": 2,
      "codename": "change_permission"
    }
  },
  {
    "model": "auth.permission",
    "pk": 7,
    "fields": {
      "name": "Can delete permission",
      "content_type": 2,
      "codename": "delete_permission"
    }
  },
  {
    "model": "auth.permission",
    "pk": 8,
    "fields": {
      "name": "Can view permission",
      "content_type": 2,
      "codename": "view_permission"
    }
  },
  {
    "model": "auth.permission",
    "pk": 9,
    "fields": {
      "name": "Can add group",
      "content_type": 3,
      "codename": "add_group"
    }
  },
  {
    "model": "auth.permission",
    "pk": 10,
    "fields": {
      "name": "Can change group",
      "content_type": 3,
      "codename": "change_group"
    }
  },
  {
    "model": "auth.permission",
    "pk": 11,
    "fields": {
      "name": "Can delete group",
      "content_type": 3,
      "codename": "delete_group"
    }
  },
  {
    "model": "auth.permission",
    "pk": 12,
    "fields": {
      "name": "Can view group",
      "content_type": 3,
      "codename": "view_group"
    }
  },
  {
    "model": "auth.permission",
    "pk": 13,
    "fields": {
      "name": "Can add user",
      "content_type": 4,
      "codename": "add_user"
    }
  },
  {
    "model": "auth.permission",
    "pk": 14,
    "fields": {
      "name": "Can change user",
      "content_type": 4,
      "codename": "change_user"
    }
  },
  {
    "model": "auth.permission",
    "pk": 15,
    "fields": {
      "name": "Can delete user",
      "content_type": 4,
      "codename": "delete_user"
    }
  },
  {
    "model": "auth.permission",
    "pk": 16,
    "fields": {
      "name": "Can view user",
      "content_type": 4,
      "codename": "view_user"
    }
  },
  {
    "model": "auth.permission",
    "pk": 17,
    "fields": {
      "name": "Can add content type",
      "content_type": 5,
      "codename": "add_contenttype"
    }
  },
  {
    "model": "auth.permission",
    "pk": 18,
    "fields": {
      "name": "Can change content type",
      "content_type": 5,
      "codename": "change_contenttype"
    }
  },
  {
    "model": "auth.permission",
    "pk": 19,
    "fields": {
      "name": "Can delete content type",
      "content_type": 5,
      "codename": "delete_contenttype"
    }
  },
  {
    "model": "auth.permission",
    "pk": 20,
    "fields": {
      "name": "Can view content type",
      "content_type": 5,
      "codename": "view_contenttype"
    }
  },
  {
    "model": "auth.permission",
    "pk": 21,
    "fields": {
      "name": "Can add session",
      "content_type": 6,
      "codename": "add_session"
    }
  },
  {
    "model": "auth.permission",
    "pk": 22,
    "fields": {
      "name": "Can change session",
      "content_type": 6,
      "codename": "change_session"
    }
  },
  {
    "model": "auth.permission",
    "pk": 23,
    "fields": {
      "name": "Can delete session",
      "content_type": 6,
      "codename": "delete_session"
    }
  },
  {
    "model": "auth.permission",
    "pk": 24,
    "fields": {
      "name": "Can view session",
      "content_type": 6,
      "codename": "view_session"
    }
  },
  {
    "model": "auth.permission",
    "pk": 25,
    "fields": {
      "name": "Can add product",
      "content_type": 7,
      "codename": "add_product"
    }
  },
  {
    "model": "auth.permission",
    "pk": 26,
    "fields": {
      "name": "Can change product",
      "content_type": 7,
      "codename": "change_product"
    }
  },
  {
    "model": "auth.permission",
    "pk": 27,
    "fields": {
      "name": "Can delete product",
      "content_type": 7,
      "codename": "delete_product"
    }
  },
  {
    "model": "auth.permission",
    "pk": 28,
    "fields": {
      "name": "Can view product",
      "content_type": 7,
      "codename": "view_product"
    }
  },
  {
    "model": "auth.permission",
    "pk": 29,
    "fields": {
      "name": "Can add order",
      "content_type": 8,
      "codename": "add_order"
    }
  },
  {
    "model": "auth.permission",
    "pk": 30,
    "fields": {
      "name": "Can change order",
      "content_type": 8,
      "codename": "change_order"
    }
  },
  {
    "model": "auth.permission",
    "pk": 31,
    "fields": {
      "name": "Can delete order",
      "content_type": 8,
      "codename": "delete_order"
    }
  },
  {
    "model": "auth.permission",
    "pk": 32,
    "fields": {
      "name": "Can view order",
      "content_type": 8,
      "codename": "view_order"
    }
  },
  {
    "model": "auth.permission",
    "pk": 33,
    "fields": {
      "name": "Can add shipping address",
      "content_type": 9,
      "codename": "add_shippingaddress"
    }
  },
  {
    "model": "auth.permission",
    "pk": 34,
    "fields": {
      "name": "Can change shipping address",
      "content_type": 9,
      "codename": "change_shippingaddress"
    }
  },
  {
    "model": "auth.permission",
    "pk": 35,
    "fields": {
      "name": "Can delete shipping address",
      "content_type": 9,
      "codename": "delete_shippingaddress"
    }
  },
  {
    "model": "auth.permission",
    "pk": 36,
    "fields": {
      "name": "Can view shipping address",
      "content_type": 9,
      "codename": "view_shippingaddress"
    }
  },
  {
    "model": "auth.permission",
    "pk": 37,
    "fields": {
      "name": "Can add review",
      "content_type": 10,
      "codename": "add_review"
    }
  },
  {
    "model": "auth.permission",
    "pk": 38,
    "fields": {
      "name": "Can change review",
      "content_type": 10,
      "codename": "change_review"
    }
  },
  {
    "model": "auth.permission",
    "pk": 39,
    "fields": {
      "name": "Can delete review",
      "content_type": 10,
      "codename": "delete_review"
    }
  },
  {
    "model": "auth.permission",
    "pk": 40,
    "fields": {
      "name": "Can view review",
      "content_type": 10,
      "codename": "view_review"
    }
  },
  {
    "model": "auth.permission",
    "pk": 41,
    "fields": {
      "name": "Can add oder item",
      "content_type": 11,
      "codename": "add_oderitem"
    }
  },
  {
    "model": "auth.permission",
    "pk": 42,
    "fields": {
      "name": "Can change oder item",
      "content_type": 11,
      "codename": "change_oderitem"
    }
  },
  {
    "model": "auth.permission",
    "pk": 43,
    "fields": {
      "name": "Can delete oder item",
      "content_type": 11,
      "codename": "delete_oderitem"
    }
  },
  {
    "model": "auth.permission",
    "pk": 44,
    "fields": {
      "name": "Can view oder item",
      "content_type": 11,
      "codename": "view_oderitem"
    }
  },
  {
    "model": "auth.user",
    "pk": 1,
    "fields": {
      "password": "pbkdf2_sha256$600000$QnRyeyoczEaXIEIuyuJnad$d+Ur+VL6/RENUDE/5nbKn5cp/BFvXVoRsAaj0nxDLQs=",
      "last_login": "2023-08-26T04:48:54.695Z",
      "is_superuser": true,
      "username": "olawaleolajide8.to@gmail.com",
      "first_name": "Olajide",
      "last_name": "Oluwatimileyin",
      "email": "olawaleolajide8.to@gmail.com",
      "is_staff": true,
      "is_active": true,
      "date_joined": "2023-01-05T19:40:01Z",
      "groups": [],
      "user_permissions": []
    }
  },
  {
    "model": "auth.user",
    "pk": 2,
    "fields": {
      "password": "pbkdf2_sha256$320000$F1qC7MwQQ6IsEhMgsRkmks$FDNSe2zqmec7sWJNNwLqJrQrtLg6iF6431LabjkLdLw=",
      "last_login": null,
      "is_superuser": false,
      "username": "trial@gmail.com",
      "first_name": "trial@gmail.com",
      "last_name": "",
      "email": "trial@gmail.com",
      "is_staff": true,
      "is_active": true,
      "date_joined": "2023-01-23T11:33:03Z",
      "groups": [],
      "user_permissions": []
    }
  },
  {
    "model": "auth.user",
    "pk": 3,
    "fields": {
      "password": "pbkdf2_sha256$320000$gDcNcrWec58ejZcvzDhEms$2g6zov9ukzJ6FnQ8iEkTV1fzRzNuwCIAX3O+hljCvqo=",
      "last_login": null,
      "is_superuser": false,
      "username": "postman@email.com",
      "first_name": "test postman",
      "last_name": "",
      "email": "postman@email.com",
      "is_staff": false,
      "is_active": true,
      "date_joined": "2023-01-23T11:40:46Z",
      "groups": [],
      "user_permissions": []
    }
  },
  {
    "model": "auth.user",
    "pk": 4,
    "fields": {
      "password": "pbkdf2_sha256$320000$CKShR1r4ZYtgTWiiHmTKhu$+mnJDv8lnQmuj7FVsaM9eI0B7J7X5RyUfZ7fHbllBMc=",
      "last_login": null,
      "is_superuser": false,
      "username": "olawaleolajide9.to@gmail.com",
      "first_name": "Olawale Test",
      "last_name": "",
      "email": "olawaleolajide9.to@gmail.com",
      "is_staff": false,
      "is_active": true,
      "date_joined": "2023-01-27T09:41:16.951Z",
      "groups": [],
      "user_permissions": []
    }
  },
  {
    "model": "auth.user",
    "pk": 5,
    "fields": {
      "password": "pbkdf2_sha256$320000$oB7XIh9coeZOStbeg94HMz$m/lSRzZu29+/N8EgBGa04IXrSJWVYihD7RKuUPHuW7Q=",
      "last_login": null,
      "is_superuser": false,
      "username": "olawaleolajid9.to@gmail.com",
      "first_name": "timmytest2",
      "last_name": "",
      "email": "olawaleolajid9.to@gmail.com",
      "is_staff": false,
      "is_active": true,
      "date_joined": "2023-01-27T09:47:38.475Z",
      "groups": [],
      "user_permissions": []
    }
  },
  {
    "model": "auth.user",
    "pk": 6,
    "fields": {
      "password": "pbkdf2_sha256$600000$LPWYQGGSdFeZz1tOsrLlYt$cAxuMp6WgROXGidW7BN+JUXoZ5SA77UTyOeqAECDzNg=",
      "last_login": null,
      "is_superuser": false,
      "username": "olawale@gmail.com",
      "first_name": "timmyupdate",
      "last_name": "",
      "email": "olawale@gmail.com",
      "is_staff": false,
      "is_active": true,
      "date_joined": "2023-01-27T09:53:05.150Z",
      "groups": [],
      "user_permissions": []
    }
  },
  {
    "model": "auth.user",
    "pk": 9,
    "fields": {
      "password": "pbkdf2_sha256$320000$5HecUmffCATmEmuMyeWWwJ$cOjtC2qquFM1WCGAByO36t634uH0ig6xVK6ua/R3SGw=",
      "last_login": "2023-02-10T13:08:15.254Z",
      "is_superuser": true,
      "username": "olawa",
      "first_name": "",
      "last_name": "",
      "email": "",
      "is_staff": true,
      "is_active": true,
      "date_joined": "2023-02-10T13:08:12.075Z",
      "groups": [],
      "user_permissions": []
    }
  },
  {
    "model": "auth.user",
    "pk": 10,
    "fields": {
      "password": "pbkdf2_sha256$600000$9GSKrYRO8gF0oUDqbhUXJ6$aezUXPewtPD5rbRHBU20/nYzxp80je3A41bAuDi4VCk=",
      "last_login": null,
      "is_superuser": false,
      "username": "Olawaleolajide8.to@gmail.com",
      "first_name": "Olajide Oluwatofunmi Oluwaimileyin",
      "last_name": "",
      "email": "Olawaleolajide8.to@gmail.com",
      "is_staff": true,
      "is_active": true,
      "date_joined": "2023-08-20T18:00:16Z",
      "groups": [],
      "user_permissions": []
    }
  },
  {
    "model": "auth.user",
    "pk": 11,
    "fields": {
      "password": "pbkdf2_sha256$600000$XkeKf9pXEiiDbXcrNtUvNa$HMjc0onrpDRkpboCkFmBMdwxKjkAvqh7YTiZEg9KmEY=",
      "last_login": "2023-08-21T15:40:24.370Z",
      "is_superuser": true,
      "username": "timileyin",
      "first_name": "",
      "last_name": "",
      "email": "",
      "is_staff": true,
      "is_active": true,
      "date_joined": "2023-08-21T15:40:07.391Z",
      "groups": [],
      "user_permissions": []
    }
  },
  {
    "model": "contenttypes.contenttype",
    "pk": 1,
    "fields": { "app_label": "admin", "model": "logentry" }
  },
  {
    "model": "contenttypes.contenttype",
    "pk": 2,
    "fields": { "app_label": "auth", "model": "permission" }
  },
  {
    "model": "contenttypes.contenttype",
    "pk": 3,
    "fields": { "app_label": "auth", "model": "group" }
  },
  {
    "model": "contenttypes.contenttype",
    "pk": 4,
    "fields": { "app_label": "auth", "model": "user" }
  },
  {
    "model": "contenttypes.contenttype",
    "pk": 5,
    "fields": { "app_label": "contenttypes", "model": "contenttype" }
  },
  {
    "model": "contenttypes.contenttype",
    "pk": 6,
    "fields": { "app_label": "sessions", "model": "session" }
  },
  {
    "model": "contenttypes.contenttype",
    "pk": 7,
    "fields": { "app_label": "base", "model": "product" }
  },
  {
    "model": "contenttypes.contenttype",
    "pk": 8,
    "fields": { "app_label": "base", "model": "order" }
  },
  {
    "model": "contenttypes.contenttype",
    "pk": 9,
    "fields": { "app_label": "base", "model": "shippingaddress" }
  },
  {
    "model": "contenttypes.contenttype",
    "pk": 10,
    "fields": { "app_label": "base", "model": "review" }
  },
  {
    "model": "contenttypes.contenttype",
    "pk": 11,
    "fields": { "app_label": "base", "model": "oderitem" }
  },
  {
    "model": "sessions.session",
    "pk": "e7jezj2hkr6mzzpobn5gcv2zagafk206",
    "fields": {
      "session_data": ".eJxVjEEOwiAQRe_C2hAQOoBL9z0DGWZAqoYmpV0Z765NutDtf-_9l4i4rTVuPS9xYnERWovT75iQHrnthO_YbrOkua3LlOSuyIN2Oc6cn9fD_Tuo2Ou3RuPc4DETGFJnRqsg68K-QLCE5CA5PxgXVOBUgLOjYhJDAK-99SqJ9wcURThS:1qY70y:0s6Inn16_qpfldoVWYgJB6ZjLpazAGnPJQ6z0OubHak",
      "expire_date": "2023-09-04T15:40:24.378Z"
    }
  },
  {
    "model": "sessions.session",
    "pk": "fmo2k0npsxb18c50ubif1yatx5wltrta",
    "fields": {
      "session_data": ".eJxVjMsOwiAQRf-FtSFAeY1L934DGZiJVA0kpV0Z_12bdKHbe865L5FwW2vaBi9pJnEWWpx-t4zlwW0HdMd267L0ti5zlrsiDzrktRM_L4f7d1Bx1G-dI2ZlXPTAylijoWgKJvg4kWOeMBhkBToEjgEsERgHUDirKWoF1ov3B8MLNso:1qZlEE:5pF9VNTiR1GBFfKkIjGgbw0IJx4WEi6nMedhIcMtYcg",
      "expire_date": "2023-09-09T04:48:54.705Z"
    }
  },
  {
    "model": "sessions.session",
    "pk": "gvx2yaeguav0mwm3l40a2gerg90hh6v8",
    "fields": {
      "session_data": ".eJxVjEEOwiAQRe_C2hCYFgSX7nsGMsOAVA0kpV0Z765NutDtf-_9lwi4rSVsPS1hZnERXpx-N8L4SHUHfMd6azK2ui4zyV2RB-1yapye18P9OyjYy7cGbfFs2aLXMZPnTOzYW1CohgGSNQZiZmfHRMYBKENsRk5G4wjEWYv3B_DdODA:1pQT8R:_vi-e63mnvGcmQaLofRezBIlGaGIw1XE7RjZ6Y0qaO8",
      "expire_date": "2023-02-24T13:08:15.260Z"
    }
  },
  {
    "model": "sessions.session",
    "pk": "lcasg63d6z9skffkq3jgs0bnnr25ehbh",
    "fields": {
      "session_data": ".eJxVjDsOwyAQBe9CHSF-XiBlep8BLbAEJxGWjF1FuXtsyUXSzsx7bxZwW2vYOi1hyuzKJLv8sojpSe0Q-YHtPvM0t3WZIj8SftrOxznT63a2fwcVe93XJirMFhOY6IBkEYLSIIXFqIuKIIoBBLdDbbQYiEB5jybZ5FTW3gL7fAHvFjfJ:1pIrwV:xTLxkfNUaGH5Y33mPCX1hLn7wEstAEIIgXtNSlBWaQQ",
      "expire_date": "2023-02-03T14:00:31.800Z"
    }
  },
  {
    "model": "sessions.session",
    "pk": "zsxkzmqdtzafmfixb8c39kt4pytalz3i",
    "fields": {
      "session_data": ".eJxVjEEOwiAQRe_C2hAoFqYu3fcMZJgZpGpKUtqV8e7apAvd_vfef6mI21ri1mSJE6uLsur0uyWkh8w74DvOt6qpzusyJb0r-qBNj5XleT3cv4OCrXxrGs6ZhYJ4YwQAMLlO7MAA2fcYBh8SOcNMjL5LNveUrOHMXsBByKjeHwbdOQY:1pDWPh:4cQjMxO8AEybyjE1ZwHwmU49wwNaSqbTQuhZkrPDgDw",
      "expire_date": "2023-01-19T20:00:33.698Z"
    }
  },
  {
    "model": "base.product",
    "pk": 4,
    "fields": {
      "user": 1,
      "name": "Airpods Wireless Bluetooth Headphones",
      "image": "airpods.jpg",
      "brand": "Apple",
      "category": "Electronics",
      "description": "Bluetooth technology lets you connect it with compatible devices wirelessly High-quality AAC audio offers immersive listening experience Built-in microphone allows you to take calls while working",
      "rating": "3.50",
      "numReviews": 2,
      "price": "89.99",
      "countInStock": 6,
      "createdAt": "2023-01-06T11:57:51.905Z"
    }
  },
  {
    "model": "base.product",
    "pk": 5,
    "fields": {
      "user": 1,
      "name": "iPhone 11 Pro 256GB Memory",
      "image": "phone.jpg",
      "brand": "Apple",
      "category": "Electronics",
      "description": "",
      "rating": "4.00",
      "numReviews": 8,
      "price": "599.99",
      "countInStock": 96,
      "createdAt": "2023-01-06T11:57:51.909Z"
    }
  },
  {
    "model": "base.product",
    "pk": 6,
    "fields": {
      "user": 1,
      "name": "Cannon EOS 80D DSLR Camera",
      "image": "camera.jpg",
      "brand": "Cannon",
      "category": "Electronics",
      "description": "Characterized by versatile imaging specs, the Canon EOS 80D further clarifies itself using a pair of robust focusing systems and an intuitive design",
      "rating": "5.00",
      "numReviews": 1,
      "price": "929.99",
      "countInStock": 97,
      "createdAt": "2023-01-06T11:57:51.913Z"
    }
  },
  {
    "model": "base.product",
    "pk": 7,
    "fields": {
      "user": 1,
      "name": "Sony Playstation 4 Pro White Version",
      "image": "playstation.jpg",
      "brand": "Sony",
      "category": "Electronics",
      "description": "The ultimate home entertainment center starts with PlayStation. Whether you are into gaming, HD movies, television, music",
      "rating": "5.00",
      "numReviews": 12,
      "price": "399.99",
      "countInStock": 100,
      "createdAt": "2023-01-06T11:57:51.916Z"
    }
  },
  {
    "model": "base.product",
    "pk": 8,
    "fields": {
      "user": 1,
      "name": "Logitech G-Series Gaming Mouse",
      "image": "mouse.jpg",
      "brand": "Logitech",
      "category": "Electronics",
      "description": "Get a better handle on your games with this Logitech LIGHTSYNC gaming mouse. The six programmable buttons allow customization for a smooth playing experience",
      "rating": "3.50",
      "numReviews": 10,
      "price": "49.99",
      "countInStock": 100,
      "createdAt": "2023-01-06T11:57:51.919Z"
    }
  },
  {
    "model": "base.product",
    "pk": 9,
    "fields": {
      "user": 1,
      "name": "Amazon Echo Dot 3rd Generation",
      "image": "alexa.jpg",
      "brand": "Amazon",
      "category": "Electronics",
      "description": "Meet Echo Dot - Our most popular smart speaker with a fabric design. It is our most compact smart speaker that fits perfectly into small space",
      "rating": "4.00",
      "numReviews": 12,
      "price": "29.99",
      "countInStock": 100,
      "createdAt": "2023-01-06T11:57:51.922Z"
    }
  },
  {
    "model": "base.review",
    "pk": 1,
    "fields": {
      "user": 10,
      "product": 6,
      "name": "Olajide Oluwatofunmi Oluwaimileyin",
      "rating": 5,
      "comment": "very nice",
      "createdAt": "2023-08-24T16:49:05.982Z"
    }
  },
  {
    "model": "base.review",
    "pk": 2,
    "fields": {
      "user": 10,
      "product": 4,
      "name": "Olajide Oluwatofunmi Oluwaimileyin",
      "rating": 5,
      "comment": "very nice",
      "createdAt": "2023-08-24T16:49:35.583Z"
    }
  },
  {
    "model": "base.review",
    "pk": 3,
    "fields": {
      "user": 1,
      "product": 4,
      "name": "Olajide",
      "rating": 2,
      "comment": "i like it",
      "createdAt": "2023-08-25T06:11:47.787Z"
    }
  },
  {
    "model": "base.order",
    "pk": 1,
    "fields": {
      "user": 4,
      "paymentMethod": "PayPal",
      "taxPrice": "223.85",
      "shippingPrice": "0.00",
      "totalPrice": "2953.76",
      "isPaid": false,
      "paidAt": null,
      "isDelivered": false,
      "deliveredAt": null,
      "createdAt": "2023-02-08T10:12:59.048Z"
    }
  },
  {
    "model": "base.order",
    "pk": 2,
    "fields": {
      "user": 4,
      "paymentMethod": "PayPal",
      "taxPrice": "223.85",
      "shippingPrice": "0.00",
      "totalPrice": "2953.76",
      "isPaid": false,
      "paidAt": null,
      "isDelivered": false,
      "deliveredAt": null,
      "createdAt": "2023-02-08T10:15:04.439Z"
    }
  },
  {
    "model": "base.order",
    "pk": 3,
    "fields": {
      "user": 4,
      "paymentMethod": "PayPal",
      "taxPrice": "223.85",
      "shippingPrice": "0.00",
      "totalPrice": "2953.76",
      "isPaid": false,
      "paidAt": null,
      "isDelivered": false,
      "deliveredAt": null,
      "createdAt": "2023-02-08T10:15:40.899Z"
    }
  },
  {
    "model": "base.order",
    "pk": 4,
    "fields": {
      "user": 4,
      "paymentMethod": "PayPal",
      "taxPrice": "223.85",
      "shippingPrice": "0.00",
      "totalPrice": "2953.76",
      "isPaid": false,
      "paidAt": null,
      "isDelivered": false,
      "deliveredAt": null,
      "createdAt": "2023-02-08T10:17:28.749Z"
    }
  },
  {
    "model": "base.order",
    "pk": 5,
    "fields": {
      "user": 4,
      "paymentMethod": "PayPal",
      "taxPrice": "223.85",
      "shippingPrice": "0.00",
      "totalPrice": "2953.76",
      "isPaid": false,
      "paidAt": null,
      "isDelivered": false,
      "deliveredAt": null,
      "createdAt": "2023-02-08T10:18:10.839Z"
    }
  },
  {
    "model": "base.order",
    "pk": 6,
    "fields": {
      "user": 4,
      "paymentMethod": "PayPal",
      "taxPrice": "223.85",
      "shippingPrice": "0.00",
      "totalPrice": "2953.76",
      "isPaid": false,
      "paidAt": null,
      "isDelivered": false,
      "deliveredAt": null,
      "createdAt": "2023-02-08T10:20:00.059Z"
    }
  },
  {
    "model": "base.order",
    "pk": 7,
    "fields": {
      "user": 4,
      "paymentMethod": "PayPal",
      "taxPrice": "223.85",
      "shippingPrice": "0.00",
      "totalPrice": "2953.76",
      "isPaid": false,
      "paidAt": null,
      "isDelivered": false,
      "deliveredAt": null,
      "createdAt": "2023-02-08T10:20:43.107Z"
    }
  },
  {
    "model": "base.order",
    "pk": 8,
    "fields": {
      "user": 4,
      "paymentMethod": "PayPal",
      "taxPrice": "223.85",
      "shippingPrice": "0.00",
      "totalPrice": "2953.76",
      "isPaid": false,
      "paidAt": null,
      "isDelivered": false,
      "deliveredAt": null,
      "createdAt": "2023-02-08T10:20:55.142Z"
    }
  },
  {
    "model": "base.order",
    "pk": 9,
    "fields": {
      "user": 4,
      "paymentMethod": "PayPal",
      "taxPrice": "223.85",
      "shippingPrice": "0.00",
      "totalPrice": "2953.76",
      "isPaid": false,
      "paidAt": null,
      "isDelivered": false,
      "deliveredAt": null,
      "createdAt": "2023-02-08T10:21:41.306Z"
    }
  },
  {
    "model": "base.order",
    "pk": 10,
    "fields": {
      "user": 4,
      "paymentMethod": "PayPal",
      "taxPrice": "223.85",
      "shippingPrice": "0.00",
      "totalPrice": "2953.76",
      "isPaid": false,
      "paidAt": null,
      "isDelivered": false,
      "deliveredAt": null,
      "createdAt": "2023-02-08T10:24:28.733Z"
    }
  },
  {
    "model": "base.order",
    "pk": 11,
    "fields": {
      "user": 4,
      "paymentMethod": "PayPal",
      "taxPrice": "223.85",
      "shippingPrice": "0.00",
      "totalPrice": "2953.76",
      "isPaid": false,
      "paidAt": null,
      "isDelivered": false,
      "deliveredAt": null,
      "createdAt": "2023-02-08T10:31:29.025Z"
    }
  },
  {
    "model": "base.order",
    "pk": 12,
    "fields": {
      "user": 4,
      "paymentMethod": "PayPal",
      "taxPrice": "223.85",
      "shippingPrice": "0.00",
      "totalPrice": "2953.76",
      "isPaid": false,
      "paidAt": null,
      "isDelivered": false,
      "deliveredAt": null,
      "createdAt": "2023-02-08T10:32:30.861Z"
    }
  },
  {
    "model": "base.order",
    "pk": 13,
    "fields": {
      "user": 4,
      "paymentMethod": "PayPal",
      "taxPrice": "223.85",
      "shippingPrice": "0.00",
      "totalPrice": "2953.76",
      "isPaid": false,
      "paidAt": null,
      "isDelivered": false,
      "deliveredAt": null,
      "createdAt": "2023-02-08T10:38:18.472Z"
    }
  },
  {
    "model": "base.order",
    "pk": 14,
    "fields": {
      "user": 4,
      "paymentMethod": "PayPal",
      "taxPrice": "83.64",
      "shippingPrice": "0.00",
      "totalPrice": "1103.62",
      "isPaid": true,
      "paidAt": "2023-02-10T13:10:22Z",
      "isDelivered": true,
      "deliveredAt": "2023-02-11T13:22:33Z",
      "createdAt": "2023-02-10T11:08:24.645Z"
    }
  },
  {
    "model": "base.order",
    "pk": 15,
    "fields": {
      "user": 4,
      "paymentMethod": "PayPal",
      "taxPrice": "125.46",
      "shippingPrice": "0.00",
      "totalPrice": "1655.44",
      "isPaid": true,
      "paidAt": "2023-02-10T13:10:22Z",
      "isDelivered": true,
      "deliveredAt": "2023-02-11T13:22:00Z",
      "createdAt": "2023-02-10T11:32:47.188Z"
    }
  },
  {
    "model": "base.order",
    "pk": 16,
    "fields": {
      "user": 4,
      "paymentMethod": "PayPal",
      "taxPrice": "7.38",
      "shippingPrice": "10.00",
      "totalPrice": "107.37",
      "isPaid": false,
      "paidAt": null,
      "isDelivered": false,
      "deliveredAt": null,
      "createdAt": "2023-02-11T14:35:37.139Z"
    }
  },
  {
    "model": "base.order",
    "pk": 17,
    "fields": {
      "user": 10,
      "paymentMethod": "PayPal",
      "taxPrice": "7.38",
      "shippingPrice": "10.00",
      "totalPrice": "107.37",
      "isPaid": true,
      "paidAt": "2023-08-20T20:28:37.720Z",
      "isDelivered": true,
      "deliveredAt": "2023-08-24T17:07:21.563Z",
      "createdAt": "2023-08-20T18:00:38.383Z"
    }
  },
  {
    "model": "base.order",
    "pk": 18,
    "fields": {
      "user": 10,
      "paymentMethod": "PayPal",
      "taxPrice": "7.38",
      "shippingPrice": "10.00",
      "totalPrice": "107.37",
      "isPaid": false,
      "paidAt": null,
      "isDelivered": false,
      "deliveredAt": null,
      "createdAt": "2023-08-20T18:44:33.041Z"
    }
  },
  {
    "model": "base.order",
    "pk": 19,
    "fields": {
      "user": 10,
      "paymentMethod": "PayPal",
      "taxPrice": "147.60",
      "shippingPrice": "0.00",
      "totalPrice": "1947.57",
      "isPaid": true,
      "paidAt": "2023-08-20T20:55:54.789Z",
      "isDelivered": true,
      "deliveredAt": "2023-08-24T17:05:20.599Z",
      "createdAt": "2023-08-20T19:40:34.698Z"
    }
  },
  {
    "model": "base.order",
    "pk": 20,
    "fields": {
      "user": 1,
      "paymentMethod": "PayPal",
      "taxPrice": "76.26",
      "shippingPrice": "0.00",
      "totalPrice": "1006.25",
      "isPaid": true,
      "paidAt": "2023-08-21T16:33:35.258Z",
      "isDelivered": false,
      "deliveredAt": null,
      "createdAt": "2023-08-21T15:33:02.637Z"
    }
  },
  {
    "model": "base.oderitem",
    "pk": 1,
    "fields": {
      "product": 6,
      "order": 4,
      "name": "Cannon EOS 80D DSLR Camera",
      "qty": 1,
      "price": "929.99",
      "image": "/images/camera.jpg"
    }
  },
  {
    "model": "base.oderitem",
    "pk": 2,
    "fields": {
      "product": 6,
      "order": 5,
      "name": "Cannon EOS 80D DSLR Camera",
      "qty": 1,
      "price": "929.99",
      "image": "/images/camera.jpg"
    }
  },
  {
    "model": "base.oderitem",
    "pk": 3,
    "fields": {
      "product": 7,
      "order": 5,
      "name": "Sony Playstation 4 Pro White Version",
      "qty": 4,
      "price": "399.99",
      "image": "/images/playstation.jpg"
    }
  },
  {
    "model": "base.oderitem",
    "pk": 4,
    "fields": {
      "product": 8,
      "order": 5,
      "name": "Logitech G-Series Gaming Mouse",
      "qty": 4,
      "price": "49.99",
      "image": "/images/mouse.jpg"
    }
  },
  {
    "model": "base.oderitem",
    "pk": 5,
    "fields": {
      "product": 6,
      "order": 6,
      "name": "Cannon EOS 80D DSLR Camera",
      "qty": 1,
      "price": "929.99",
      "image": "/images/camera.jpg"
    }
  },
  {
    "model": "base.oderitem",
    "pk": 6,
    "fields": {
      "product": 7,
      "order": 6,
      "name": "Sony Playstation 4 Pro White Version",
      "qty": 4,
      "price": "399.99",
      "image": "/images/playstation.jpg"
    }
  },
  {
    "model": "base.oderitem",
    "pk": 7,
    "fields": {
      "product": 8,
      "order": 6,
      "name": "Logitech G-Series Gaming Mouse",
      "qty": 4,
      "price": "49.99",
      "image": "/images/mouse.jpg"
    }
  },
  {
    "model": "base.oderitem",
    "pk": 8,
    "fields": {
      "product": 6,
      "order": 7,
      "name": "Cannon EOS 80D DSLR Camera",
      "qty": 1,
      "price": "929.99",
      "image": "/images/camera.jpg"
    }
  },
  {
    "model": "base.oderitem",
    "pk": 9,
    "fields": {
      "product": 7,
      "order": 7,
      "name": "Sony Playstation 4 Pro White Version",
      "qty": 4,
      "price": "399.99",
      "image": "/images/playstation.jpg"
    }
  },
  {
    "model": "base.oderitem",
    "pk": 10,
    "fields": {
      "product": 8,
      "order": 7,
      "name": "Logitech G-Series Gaming Mouse",
      "qty": 4,
      "price": "49.99",
      "image": "/images/mouse.jpg"
    }
  },
  {
    "model": "base.oderitem",
    "pk": 11,
    "fields": {
      "product": 6,
      "order": 8,
      "name": "Cannon EOS 80D DSLR Camera",
      "qty": 1,
      "price": "929.99",
      "image": "/images/camera.jpg"
    }
  },
  {
    "model": "base.oderitem",
    "pk": 12,
    "fields": {
      "product": 7,
      "order": 8,
      "name": "Sony Playstation 4 Pro White Version",
      "qty": 4,
      "price": "399.99",
      "image": "/images/playstation.jpg"
    }
  },
  {
    "model": "base.oderitem",
    "pk": 13,
    "fields": {
      "product": 8,
      "order": 8,
      "name": "Logitech G-Series Gaming Mouse",
      "qty": 4,
      "price": "49.99",
      "image": "/images/mouse.jpg"
    }
  },
  {
    "model": "base.oderitem",
    "pk": 14,
    "fields": {
      "product": 6,
      "order": 9,
      "name": "Cannon EOS 80D DSLR Camera",
      "qty": 1,
      "price": "929.99",
      "image": "/images/camera.jpg"
    }
  },
  {
    "model": "base.oderitem",
    "pk": 15,
    "fields": {
      "product": 7,
      "order": 9,
      "name": "Sony Playstation 4 Pro White Version",
      "qty": 4,
      "price": "399.99",
      "image": "/images/playstation.jpg"
    }
  },
  {
    "model": "base.oderitem",
    "pk": 16,
    "fields": {
      "product": 8,
      "order": 9,
      "name": "Logitech G-Series Gaming Mouse",
      "qty": 4,
      "price": "49.99",
      "image": "/images/mouse.jpg"
    }
  },
  {
    "model": "base.oderitem",
    "pk": 17,
    "fields": {
      "product": 6,
      "order": 10,
      "name": "Cannon EOS 80D DSLR Camera",
      "qty": 1,
      "price": "929.99",
      "image": "/images/camera.jpg"
    }
  },
  {
    "model": "base.oderitem",
    "pk": 18,
    "fields": {
      "product": 7,
      "order": 10,
      "name": "Sony Playstation 4 Pro White Version",
      "qty": 4,
      "price": "399.99",
      "image": "/images/playstation.jpg"
    }
  },
  {
    "model": "base.oderitem",
    "pk": 19,
    "fields": {
      "product": 8,
      "order": 10,
      "name": "Logitech G-Series Gaming Mouse",
      "qty": 4,
      "price": "49.99",
      "image": "/images/mouse.jpg"
    }
  },
  {
    "model": "base.oderitem",
    "pk": 20,
    "fields": {
      "product": 6,
      "order": 11,
      "name": "Cannon EOS 80D DSLR Camera",
      "qty": 1,
      "price": "929.99",
      "image": "/images/camera.jpg"
    }
  },
  {
    "model": "base.oderitem",
    "pk": 21,
    "fields": {
      "product": 7,
      "order": 11,
      "name": "Sony Playstation 4 Pro White Version",
      "qty": 4,
      "price": "399.99",
      "image": "/images/playstation.jpg"
    }
  },
  {
    "model": "base.oderitem",
    "pk": 22,
    "fields": {
      "product": 8,
      "order": 11,
      "name": "Logitech G-Series Gaming Mouse",
      "qty": 4,
      "price": "49.99",
      "image": "/images/mouse.jpg"
    }
  },
  {
    "model": "base.oderitem",
    "pk": 23,
    "fields": {
      "product": 6,
      "order": 12,
      "name": "Cannon EOS 80D DSLR Camera",
      "qty": 1,
      "price": "929.99",
      "image": "/images/camera.jpg"
    }
  },
  {
    "model": "base.oderitem",
    "pk": 24,
    "fields": {
      "product": 7,
      "order": 12,
      "name": "Sony Playstation 4 Pro White Version",
      "qty": 4,
      "price": "399.99",
      "image": "/images/playstation.jpg"
    }
  },
  {
    "model": "base.oderitem",
    "pk": 25,
    "fields": {
      "product": 8,
      "order": 12,
      "name": "Logitech G-Series Gaming Mouse",
      "qty": 4,
      "price": "49.99",
      "image": "/images/mouse.jpg"
    }
  },
  {
    "model": "base.oderitem",
    "pk": 26,
    "fields": {
      "product": 6,
      "order": 13,
      "name": "Cannon EOS 80D DSLR Camera",
      "qty": 1,
      "price": "929.99",
      "image": "/images/camera.jpg"
    }
  },
  {
    "model": "base.oderitem",
    "pk": 27,
    "fields": {
      "product": 7,
      "order": 13,
      "name": "Sony Playstation 4 Pro White Version",
      "qty": 4,
      "price": "399.99",
      "image": "/images/playstation.jpg"
    }
  },
  {
    "model": "base.oderitem",
    "pk": 28,
    "fields": {
      "product": 8,
      "order": 13,
      "name": "Logitech G-Series Gaming Mouse",
      "qty": 4,
      "price": "49.99",
      "image": "/images/mouse.jpg"
    }
  },
  {
    "model": "base.oderitem",
    "pk": 29,
    "fields": {
      "product": 6,
      "order": 14,
      "name": "Cannon EOS 80D DSLR Camera",
      "qty": 1,
      "price": "929.99",
      "image": "/images/camera.jpg"
    }
  },
  {
    "model": "base.oderitem",
    "pk": 30,
    "fields": {
      "product": 4,
      "order": 14,
      "name": "Airpods Wireless Bluetooth Headphones",
      "qty": 1,
      "price": "89.99",
      "image": "/images/airpods.jpg"
    }
  },
  {
    "model": "base.oderitem",
    "pk": 31,
    "fields": {
      "product": 5,
      "order": 15,
      "name": "iPhone 11 Pro 256GB Memory",
      "qty": 1,
      "price": "599.99",
      "image": "/images/phone.jpg"
    }
  },
  {
    "model": "base.oderitem",
    "pk": 32,
    "fields": {
      "product": 6,
      "order": 15,
      "name": "Cannon EOS 80D DSLR Camera",
      "qty": 1,
      "price": "929.99",
      "image": "/images/camera.jpg"
    }
  },
  {
    "model": "base.oderitem",
    "pk": 33,
    "fields": {
      "product": 4,
      "order": 16,
      "name": "Airpods Wireless Bluetooth Headphones",
      "qty": 1,
      "price": "89.99",
      "image": "/images/airpods.jpg"
    }
  },
  {
    "model": "base.oderitem",
    "pk": 34,
    "fields": {
      "product": 4,
      "order": 17,
      "name": "Airpods Wireless Bluetooth Headphones",
      "qty": 1,
      "price": "89.99",
      "image": "/images/airpods.jpg"
    }
  },
  {
    "model": "base.oderitem",
    "pk": 35,
    "fields": {
      "product": 4,
      "order": 18,
      "name": "Airpods Wireless Bluetooth Headphones",
      "qty": 1,
      "price": "89.99",
      "image": "/images/airpods.jpg"
    }
  },
  {
    "model": "base.oderitem",
    "pk": 36,
    "fields": {
      "product": 5,
      "order": 19,
      "name": "iPhone 11 Pro 256GB Memory",
      "qty": 3,
      "price": "599.99",
      "image": "/images/phone.jpg"
    }
  },
  {
    "model": "base.oderitem",
    "pk": 37,
    "fields": {
      "product": 6,
      "order": 20,
      "name": "Cannon EOS 80D DSLR Camera",
      "qty": 1,
      "price": "929.99",
      "image": "/images/camera.jpg"
    }
  },
  {
    "model": "base.shippingaddress",
    "pk": 1,
    "fields": {
      "Order": 3,
      "address": "Block 19, Room 120, Alausa Secretariat.",
      "city": "Ikeja",
      "postalCode": "10013",
      "country": "Nigeria"
    }
  },
  {
    "model": "base.shippingaddress",
    "pk": 2,
    "fields": {
      "Order": 4,
      "address": "Block 19, Room 120, Alausa Secretariat.",
      "city": "Ikeja",
      "postalCode": "10013",
      "country": "Nigeria"
    }
  },
  {
    "model": "base.shippingaddress",
    "pk": 3,
    "fields": {
      "Order": 5,
      "address": "Block 19, Room 120, Alausa Secretariat.",
      "city": "Ikeja",
      "postalCode": "10013",
      "country": "Nigeria"
    }
  },
  {
    "model": "base.shippingaddress",
    "pk": 4,
    "fields": {
      "Order": 6,
      "address": "Block 19, Room 120, Alausa Secretariat.",
      "city": "Ikeja",
      "postalCode": "10013",
      "country": "Nigeria"
    }
  },
  {
    "model": "base.shippingaddress",
    "pk": 5,
    "fields": {
      "Order": 7,
      "address": "Block 19, Room 120, Alausa Secretariat.",
      "city": "Ikeja",
      "postalCode": "10013",
      "country": "Nigeria"
    }
  },
  {
    "model": "base.shippingaddress",
    "pk": 6,
    "fields": {
      "Order": 8,
      "address": "Block 19, Room 120, Alausa Secretariat.",
      "city": "Ikeja",
      "postalCode": "10013",
      "country": "Nigeria"
    }
  },
  {
    "model": "base.shippingaddress",
    "pk": 7,
    "fields": {
      "Order": 9,
      "address": "Block 19, Room 120, Alausa Secretariat.",
      "city": "Ikeja",
      "postalCode": "10013",
      "country": "Nigeria"
    }
  },
  {
    "model": "base.shippingaddress",
    "pk": 8,
    "fields": {
      "Order": 10,
      "address": "Block 19, Room 120, Alausa Secretariat.",
      "city": "Ikeja",
      "postalCode": "10013",
      "country": "Nigeria"
    }
  },
  {
    "model": "base.shippingaddress",
    "pk": 9,
    "fields": {
      "Order": 11,
      "address": "Block 19, Room 120, Alausa Secretariat.",
      "city": "Ikeja",
      "postalCode": "10013",
      "country": "Nigeria"
    }
  },
  {
    "model": "base.shippingaddress",
    "pk": 10,
    "fields": {
      "Order": 12,
      "address": "Block 19, Room 120, Alausa Secretariat.",
      "city": "Ikeja",
      "postalCode": "10013",
      "country": "Nigeria"
    }
  },
  {
    "model": "base.shippingaddress",
    "pk": 11,
    "fields": {
      "Order": 13,
      "address": "Block 19, Room 120, Alausa Secretariat.",
      "city": "Ikeja",
      "postalCode": "10013",
      "country": "Nigeria"
    }
  },
  {
    "model": "base.shippingaddress",
    "pk": 12,
    "fields": {
      "Order": 14,
      "address": "Block 19, Room 120, Alausa Secretariat.",
      "city": "Ikeja",
      "postalCode": "10013",
      "country": "Nigeria"
    }
  },
  {
    "model": "base.shippingaddress",
    "pk": 13,
    "fields": {
      "Order": 15,
      "address": "Block 19, Room 120, Alausa Secretariat.",
      "city": "Ikeja",
      "postalCode": "10013",
      "country": "Nigeria"
    }
  },
  {
    "model": "base.shippingaddress",
    "pk": 14,
    "fields": {
      "Order": 16,
      "address": "Block 19, Room 120, Alausa Secretariat.",
      "city": "Ikeja",
      "postalCode": "10013",
      "country": "Nigeria"
    }
  },
  {
    "model": "base.shippingaddress",
    "pk": 15,
    "fields": {
      "Order": 17,
      "address": "Block 19, Room 120, Alausa Secretariat.",
      "city": "Ikeja",
      "postalCode": "10013",
      "country": null
    }
  },
  {
    "model": "base.shippingaddress",
    "pk": 16,
    "fields": {
      "Order": 18,
      "address": "Block 19, Room 120, Alausa Secretariat.",
      "city": "Ikeja",
      "postalCode": "10013",
      "country": null
    }
  },
  {
    "model": "base.shippingaddress",
    "pk": 17,
    "fields": {
      "Order": 19,
      "address": "Block 19, Room 120, Alausa Secretariat.",
      "city": "Ikeja",
      "postalCode": "10013",
      "country": null
    }
  },
  {
    "model": "base.shippingaddress",
    "pk": 18,
    "fields": {
      "Order": 20,
      "address": "Block 19, Room 120, Alausa Secretariat.",
      "city": "Ikeja",
      "postalCode": "10013",
      "country": null
    }
  }
]
